Doctor Name,Department,Hospital,Mail ID,Image File,Available From,Available To
Dr. John Smith,Allergist / Immunologist,General Hospital,jungkook0074@gmail.com,image1.jpg,09:00,16:00
Dr. Jane Johnson,Allergist / Immunologist,General Hospital,jungkook0074@gmail.com,image2.jpg,16:00,22:00
Dr. Alice Williams,Cardiologist,General Hospital,jungkook0074@gmail.com,image3.jpg,09:00,16:00
Dr. Bob Brown,Cardiologist,General Hospital,jungkookook0074@gmail.com,image1.jpg,16:00,22:00
Dr. Carol Jones,Cardiologist / Emergency Medicine,General Hospital,jungkook0074@gmail.com,image2.jpg,09:00,16:00
Dr. David Miller,Cardiologist / Emergency Medicine,General Hospital,jungkook0074@gmail.com,image3.jpg,16:00,22:00
Dr. Eva Davis,Dermatologist,General Hospital,jungkook0074@gmail.com,image1.jpg,09:00,16:00
Dr. Frank Garcia,Dermatologist,General Hospital,jungkook0074@gmail.com,image2.jpg,16:00,22:00
Dr. Grace Rodriguez,Endocrinologist,General Hospital,jungkook0074@gmail.com,image3.jpg,09:00,16:00
Dr. Henry Wilson,Endocrinologist,General Hospital,jungkook0074@gmail.com,image1.jpg,16:00,22:00
Dr. John Smith,Gastroenterologist,General Hospital,jungkook0074@gmail.com,image2.jpg,09:00,16:00
Dr. Jane Johnson,Gastroenterologist,General Hospital,jungkook0074@gmail.com,image3.jpg,16:00,22:00
Dr. Alice Williams,General Physician,General Hospital,jungkook0074@gmail.com,image1.jpg,09:00,16:00
Dr. Bob Brown,General Physician,General Hospital,jungkook0074@gmail.com,image2.jpg,16:00,22:00
Dr. Carol Jones,General Physician / Dermatologist,General Hospital,jungkook0074@gmail.com,image3.jpg,09:00,16:00
Dr. David Miller,General Physician / Dermatologist,General Hospital,jungkook0074@gmail.com,image1.jpg,16:00,22:00
Dr. Eva Davis,General Physician / Infectious Disease Specialist,General Hospital,jungkook0074@gmail.com,image2.jpg,09:00,16:00
Dr. Frank Garcia,General Physician / Infectious Disease Specialist,General Hospital,jungkook0074@gmail.com,image3.jpg,16:00,22:00
Dr. Grace Rodriguez,Hepatologist,General Hospital,jungkook0074@gmail.com,image1.jpg,09:00,16:00
Dr. Henry Wilson,Hepatologist,General Hospital,jungkook0074@gmail.com,image2.jpg,16:00,22:00
Dr. John Smith,Hepatologist / Gastroenterologist,General Hospital,jungkook0074@gmail.com,image3.jpg,09:00,16:00
Dr. Jane Johnson,Hepatologist / Gastroenterologist,General Hospital,jungkook0074@gmail.com,image1.jpg,16:00,22:00
Dr. Alice Williams,Hepatologist / General Physician,General Hospital,jungkook0074@gmail.com,image2.jpg,09:00,16:00
Dr. Bob Brown,Hepatologist / General Physician,General Hospital,jungkook0074@gmail.com,image3.jpg,16:00,22:00
Dr. Carol Jones,Infectious Disease Specialist,General Hospital,jungkook0074@gmail.com,image1.jpg,09:00,16:00
Dr. David Miller,Infectious Disease Specialist,General Hospital,jungkook0074@gmail.com,image2.jpg,16:00,22:00
Dr. Eva Davis,Neurologist,General Hospital,jungkook0074@gmail.com,image3.jpg,09:00,16:00
Dr. Frank Garcia,Neurologist,General Hospital,jungkook0074@gmail.com,image1.jpg,16:00,22:00
Dr. Grace Rodriguez,Neurologist / ENT Specialist,General Hospital,jungkook0074@gmail.com,image2.jpg,09:00,16:00
Dr. Henry Wilson,Neurologist / ENT Specialist,General Hospital,jungkook0074@gmail.com,image3.jpg,16:00,22:00
Dr. John Smith,Neurologist / Neurosurgeon,General Hospital,jungkook0074@gmail.com,image1.jpg,09:00,16:00
Dr. Jane Johnson,Neurologist / Neurosurgeon,General Hospital,jungkook0074@gmail.com,image2.jpg,16:00,22:00
Dr. Alice Williams,Orthopedic,General Hospital,jungkook0074@gmail.com,image3.jpg,09:00,16:00
Dr. Bob Brown,Orthopedic,General Hospital,jungkook0074@gmail.com,image1.jpg,16:00,22:00
Dr. Carol Jones,Orthopedic / Neurologist,General Hospital,jungkook0074@gmail.com,image2.jpg,09:00,16:00
Dr. David Miller,Orthopedic / Neurologist,General Hospital,jungkook0074@gmail.com,image3.jpg,16:00,22:00
Dr. Eva Davis,Proctologist / Gastroenterologist,General Hospital,jungkook0074@gmail.com,image1.jpg,09:00,16:00
Dr. Frank Garcia,Proctologist / Gastroenterologist,General Hospital,jungkook0074@gmail.com,image2.jpg,16:00,22:00
Dr. Grace Rodriguez,Pulmonologist,General Hospital,jungkookook0074@gmail.com,image3.jpg,09:00,16:00
Dr. Henry Wilson,Pulmonologist,General Hospital,jungkook0074@gmail.com,image1.jpg,16:00,22:00
Dr. John Smith,Pulmonologist / General Physician,General Hospital,jungkook0074@gmail.com,image2.jpg,09:00,16:00
Dr. Jane Johnson,Pulmonologist / General Physician,General Hospital,jungkook0074@gmail.com,image3.jpg,16:00,22:00
Dr. Alice Williams,Pulmonologist / Infectious Disease Specialist,General Hospital,jungkook0074@gmail.com,image1.jpg,09:00,16:00
Dr. Bob Brown,Pulmonologist / Infectious Disease Specialist,General Hospital,jungkook0074@gmail.com,image2.jpg,16:00,22:00
Dr. Carol Jones,Rheumatologist,General Hospital,jungkook0074@gmail.com,image3.jpg,09:00,16:00
Dr. David Miller,Rheumatologist,General Hospital,jungkook0074@gmail.com,image1.jpg,16:00,22:00
Dr. Eva Davis,Urologist / Gynecologist,General Hospital,jungkook0074@gmail.com,image2.jpg,09:00,16:00
Dr. Frank Garcia,Urologist / Gynecologist,General Hospital,jungkook0074@gmail.com,image3.jpg,16:00,22:00
Dr. Grace Rodriguez,Vascular Surgeon,General Hospital,jungkook0074@gmail.com,image1.jpg,09:00,16:00
Dr. Henry Wilson,Vascular Surgeon,General Hospital,jungkook0074@gmail.com,image2.jpg,16:00,22:00
